<Ui>

	<Include file="CastingBar.lua"/>

	<StatusBar name="SyncUI_CastingBarTemplate" inherits="SyncUI_StatusBarTemplate" virtual="true" hidden="true">
		<Size x="182" y="20" />
		<Animations>
			<AnimationGroup parentKey="FadeOut">
				<Alpha smoothing="OUT" startDelay="0.3" duration="1" order="1" fromAlpha="1" toAlpha="0" />
				<Scripts>
					<OnStop>
						self:GetParent():Show()
					</OnStop>
					<OnFinished>
						self:GetParent():Hide()
					</OnFinished>
				</Scripts>
			</AnimationGroup>
		</Animations>
		<Frames>
			<Frame parentKey="IconFrame">
				<Size x="20" y="20" />
				<Anchors>
					<Anchor point="TOPRIGHT" relativePoint="TOPLEFT" x="-6" y="0" />
				</Anchors>
				<Layers>
					<Layer level="BORDER">
						<Texture parentKey="Icon" file="Interface\Icons\INV_MISC_QUESTIONMARK">
							<Size x="20" y="20" />
							<Anchors>
								<Anchor point="CENTER" />
							</Anchors>
							<TexCoords left="0.05" right="0.95" top="0.05" bottom="0.95"/>
						</Texture>
					</Layer>
					<Layer level="ARTWORK">
						<FontString parentKey="Timer" inherits="SyncUI_GameFontNormal_Medium" justifyH="CENTER" hidden="true">
							<Size x="50" y="10" />
							<Anchors>
								<Anchor point="BOTTOM" relativeKey="$parent.Icon" x="" y="-15" />
							</Anchors>
						</FontString>
					</Layer>
				</Layers>					
			</Frame>
			<Frame parentKey="ArtFrame" setAllPoints="true">
				<Layers>
					<Layer level="BORDER">
						<Texture file="Interface\AddOns\SyncUI\Media\Textures\UnitFrames\CastBar">
							<Size x="218" y="30" />
							<Anchors>
								<Anchor point="TOPLEFT" x="-31" y="5"  />
							</Anchors>
							<TexCoords left="0" right="0.8515625" top="0" bottom="0.46875" />
							<Color r="1" g="1" b="1" />
						</Texture>
					</Layer>
					<Layer level="ARTWORK">
						<FontString parentKey="Spell" inherits="SyncUI_GameFontNormal_Medium">
							<Size x="172" y="10" />
							<Anchors>
								<Anchor point="CENTER" />
							</Anchors>
						</FontString>
					</Layer>
					<Layer level="OVERLAY">
						<Texture parentKey="Spark" file="Interface\AddOns\SyncUI\Media\Textures\UnitFrames\CastBar">
							<Size x="8" y="" />
							<TexCoords left="0.96875" right="1" top="0" bottom="0.375" />
							<Color r="1" g="1" b="1" />
						</Texture>
					</Layer>
				</Layers>
			</Frame>
		</Frames>
		<Scripts>
			<OnLoad function="SyncUI_CastingBar_OnLoad" />
			<OnEvent function="SyncUI_CastingBar_OnEvent" />
			<OnUpdate function="SyncUI_CastingBar_OnUpdate" />
		</Scripts>
	</StatusBar>

</Ui>