<Ui>

	<Script file="AwayMode.lua" />
		
	<Frame name="SyncUI_AwayMode">
		<Scripts>
			<OnLoad function="SyncUI_AwayMode_OnLoad" />
			<OnEvent function="SyncUI_AwayMode_OnEvent" />
			<OnUpdate function="SyncUI_AwayMode_OnUpdate" />
		</Scripts>
	</Frame>
	
	<Frame name="SyncUI_AwayStatusFrame" hidden="true" alpha="0">
		<Size x="256" y="37" />
		<Animations>
			<AnimationGroup parentKey="SlideIn" setToFinalAlpha="true">
				<Translation duration="0" order="1" offsetX="0" offsetY="50" />
				
				<Alpha smoothing="OUT" duration="0.75" startDelay="0.5" order="2" fromAlpha="0" toAlpha="1" />
				<Translation smoothing="OUT" duration="0.75" startDelay="0.5" order="2" offsetX="0" offsetY="-50" />
				<Scripts>
					<OnPlay>
						self:GetParent().SlideOut:Stop()
						self:GetParent():Show()
					</OnPlay>
				</Scripts>
			</AnimationGroup>
			<AnimationGroup parentKey="SlideOut" setToFinalAlpha="true">
				<Alpha smoothing="OUT" duration="0.75" startDelay="0.5" order="2" fromAlpha="1" toAlpha="0" />
				<Translation smoothing="OUT" duration="0.75" startDelay="0.5" order="2" offsetX="0" offsetY="50" />
				<Scripts>
					<OnPlay>
						self:GetParent().SlideIn:Stop()
					</OnPlay>
					<OnFinished>
						self:GetParent():Hide()
					</OnFinished>
				</Scripts>
			</AnimationGroup>
		</Animations>
		<Anchors>
			<Anchor point="TOP" x="0" y="3" />
		</Anchors>
		<Layers>
			<Layer level="BACKGROUND">
				<Texture parentKey="BorderTexLeft" file="Interface\AddOns\SyncUI\Media\Textures\GroupControl\GroupControl-Border">
					<Size x="96" y="37" />
					<Anchors>
						<Anchor point="TOPLEFT" />
					</Anchors>
					<TexCoords left="0" right="0.75" top="0" bottom="0.578125" />
				</Texture>
				<Texture parentKey="BorderTexRight" file="Interface\AddOns\SyncUI\Media\Textures\GroupControl\GroupControl-Border">
					<Size x="96" y="37" />
					<Anchors>
						<Anchor point="TOPRIGHT" />
					</Anchors>
					<TexCoords left="0.75" right="0" top="0" bottom="0.578125" />
				</Texture>
				<Texture parentKey="BorderTexCenter" file="Interface\AddOns\SyncUI\Media\Textures\GroupControl\GroupControl-Border">
					<Size x="0" y="37" />
					<Anchors>
						<Anchor point="TOPLEFT" relativeKey="$parent.BorderTexLeft" relativePoint="TOPRIGHT" />
						<Anchor point="BOTTOMRIGHT" relativeKey="$parent.BorderTexRight" relativePoint="BOTTOMLEFT" />
					</Anchors>
					<TexCoords left="0.75" right="1" top="0" bottom="0.578125" />
				</Texture>
			</Layer>
			<Layer level="ARTWORK">
				<FontString parentKey="Time" inherits="SyncUI_GameFontOutline_Large">
					<Size x="60" y="37" />
					<Anchors>
						<Anchor point="TOP" />
					</Anchors>
				</FontString>
				<FontString parentKey="Text" inherits="SyncUI_GameFontNormal_Large" hidden="true">
					<Size x="300" y="20" />
					<Anchors>
						<Anchor point="TOP" relativePoint="BOTTOM" />
					</Anchors>
				</FontString>
			</Layer>
		</Layers>
		<Frames>
			<Frame parentKey="Glow" inherits="SyncUI_GlowScriptTemplate" setAllPoints="true">
				<Layers>
					<Layer level="ARTWORK">
						<Texture parentKey="Left" file="Interface\AddOns\SyncUI\Media\Textures\GroupControl\GroupControl-Glow">
							<Size x="128" y="64" />
							<Anchors>
								<Anchor point="TOPLEFT" />
							</Anchors>
							<TexCoords left="0" right="1" top="0" bottom="1" />
						</Texture>
						<Texture parentKey="Right" file="Interface\AddOns\SyncUI\Media\Textures\GroupControl\GroupControl-Glow">
							<Size x="128" y="64" />
							<Anchors>
								<Anchor point="TOPRIGHT" />
							</Anchors>
							<TexCoords left="1" right="0" top="0" bottom="1" />
						</Texture>
					</Layer>
				</Layers>
			</Frame>

			<Frame parentKey="FX" />
		</Frames>
		<Scripts>
			<OnLoad>
				self.Text:SetText(format(SYNCUI_STRING_PRESS_TO_CANCEL,KEY_ESCAPE))
				SyncUI_SetFrameScale(self)
			</OnLoad>
			<OnEnter>
				self.Text:Show()
			</OnEnter>
			<OnLeave>
				self.Text:Hide()
			</OnLeave>
			<OnKeyDown function="SyncUI_AwayStatusFrame_OnKeyDown" /> 
			<OnUpdate function="SyncUI_AwayStatusFrame_OnUpdate" />
		</Scripts>
	</Frame>

</Ui>