<Ui>
	<Script file="Changelog.lua" />
	
	<Button name="SyncUI_ChangeLogButtonTemplate" virtual="true">
		<Size x="340" y="30" />
		<Layers>
			<Layer level = "ARTWORK">
				<FontString parentKey="Text" inherits="SyncUI_GameFontShadow_Medium" justifyH="LEFT" justifyV="CENTER" wordwrap="true" setAllPoints="true" />
			</Layer>
		</Layers>
	</Button>

	<Frame name="SyncUI_ChangeLog" inherits="SyncUI_BorderGlowFrameTemplate" frameStrata="DIALOG" topLevel="true" parent="SyncUI_UIParent" hidden="true">
		<Size x="375" y="205" />
		<Animations>
			<AnimationGroup parentKey="SlideIn" setToFinalAlpha="true">
				<Translation duration="0" order="1" offsetX="-50" offsetY="0"/>
				<Alpha smoothing="OUT" duration="0.7" order="2" fromAlpha="0" toAlpha="1"/>
				<Translation smoothing="OUT" duration="0.7" order="2" offsetX="50" offsetY="0"/>
				<Scripts>
					<OnPlay>
						if self:GetParent().SlideOut:IsPlaying() then
							self:GetParent().SlideOut:Stop()
						end
						self:GetParent():Show()
						self:GetParent().forceSlideOut = true
					</OnPlay>
				</Scripts>
			</AnimationGroup>
			<AnimationGroup parentKey="SlideOut" setToFinalAlpha="true">
                <Alpha smoothing="OUT" duration="0.5" order="2" fromAlpha="1" toAlpha="0"/>
				<Translation smoothing="OUT" duration="0.5" order="2" offsetX="200" offsetY="0"/>
				<Scripts>
					<OnPlay>
						if self:GetParent().SlideIn:IsPlaying() then
							self:GetParent().SlideIn:Stop()
						end
					</OnPlay>
					<OnStop>
						self:GetParent().forceSlideOut = false
						self:GetParent():Hide()
					</OnStop>
					<OnFinished>
						self:GetParent().forceSlideOut = false
						self:GetParent():Hide()
					</OnFinished>
				</Scripts>
			</AnimationGroup>
		</Animations>
		<Anchors>
			<Anchor point="CENTER" />
		</Anchors>
		<Frames>
			<Frame parentKey="ContentLayer" inherits="SyncUI_LayerFrameTemplate">
				<Anchors>
					<Anchor point="TOPLEFT" x="-5" y="2" />
					<Anchor point="BOTTOMRIGHT" x="5" y="26" />
				</Anchors>
			</Frame>
			<ScrollFrame parentKey="ScrollFrame" inherits="SyncUI_ScrollFrameTemplate2">
				<Anchors>
					<Anchor point="TOPLEFT" relativeKey="$parent.ContentLayer" x="15" y="-15" />
					<Anchor point="BOTTOMRIGHT" relativeKey="$parent.ContentLayer" x="-15" y="15" />
				</Anchors>
				<Scripts>
					<OnVerticalScroll>
						SyncUI_ScrollFrame_OnVerticalScroll(self, offset, 30, SyncUI_ChangeLog_OnScrollUpdate)
					</OnVerticalScroll>
					<OnShow function="SyncUI_ChangeLog_OnScrollUpdate" />
				</Scripts>
			</ScrollFrame>

			<Button parentKey="Button1" inherits="SyncUI_ChangeLogButtonTemplate">
				<Anchors>
					<Anchor point="TOPLEFT" relativeKey="$parent.ContentLayer" x="20" y="-10" />
				</Anchors>
			</Button>
			<Button parentKey="Button2" inherits="SyncUI_ChangeLogButtonTemplate">
				<Anchors>
					<Anchor point="TOP" relativeKey="$parent.Button1" relativePoint="BOTTOM"/>
				</Anchors>
			</Button>
			<Button parentKey="Button3" inherits="SyncUI_ChangeLogButtonTemplate">
				<Anchors>
					<Anchor point="TOP" relativeKey="$parent.Button2" relativePoint="BOTTOM"/>
				</Anchors>
			</Button>
			<Button parentKey="Button4" inherits="SyncUI_ChangeLogButtonTemplate">
				<Anchors>
					<Anchor point="TOP" relativeKey="$parent.Button3" relativePoint="BOTTOM"/>
				</Anchors>
			</Button>
			<Button parentKey="Button5" inherits="SyncUI_ChangeLogButtonTemplate">
				<Anchors>
					<Anchor point="TOP" relativeKey="$parent.Button4" relativePoint="BOTTOM"/>
				</Anchors>
			</Button>

			<Button parentKey="Version" enableMouse="false">
				<Size x="120" y="20" />
				<Anchors>
					<Anchor point="TOP" relativeKey="$parent.ContentLayer" relativePoint="BOTTOM" x="0" y="-2" />
				</Anchors>
				<NormalFont style="SyncUI_GameFontShadow_Medium" />
				<ButtonText parentKey="Text" justifyH="CENTER" />
				<Frames>
					<Frame parentKey="Backdrop" inherits="SyncUI_LayerWithNoEdgeTemplate" useParentLevel="true">
						<Anchors>
							<Anchor point="TOPLEFT" x="-8" y="8" />
							<Anchor point="BOTTOMRIGHT" x="8" y="-8" />
						</Anchors>
					</Frame>
				</Frames>
				<Scripts>
					<OnLoad>
						self:EnableMouse(false);
					</OnLoad>
				</Scripts>
			</Button>
		</Frames>
		<Scripts>
			<OnLoad function="SyncUI_ChangeLog_OnLoad" />
			<OnEvent function="SyncUI_ChangeLog_OnCheckVersion" />
			<OnHide>
				if self.forceSlideOut then
					self:Show()
					self.SlideOut:Play()
				end
			</OnHide>
		</Scripts>
	</Frame>

</Ui>